{"cameraMode":{"drawMode":0,"name":"Shaded","section":"Shading Mode"},"sceneLighting":true,"audioPlay":false,"sceneViewState":{"m_AlwaysRefresh":false,"showFog":true,"showSkybox":true,"showFlares":true,"showImageEffects":true,"showParticleSystems":true,"showVisualEffectGraphs":true,"m_FxEnabled":true},"in2DMode":false,"pivot":{"x":-2.8421173095703127,"y":4.367507457733154,"z":-1.3788564205169678},"rotation":{"x":-0.053297143429517749,"y":0.7173987030982971,"z":-0.055205680429935458,"w":-0.6924431920051575},"size":9.366512298583985,"orthographic":false}